date,open,high,low,close,volume,quote_volume,number_of_trades,taker_buy_volume
2024-06-01,67540.01,67900.0,67428.44,67766.85,8837.66133,598305207.9932046,638484,4235.27045
2024-06-02,67766.84,68460.0,67257.47,67765.63,15426.32529,1046827665.3829312,812348,7760.23377
2024-06-03,67765.62,70288.0,67612.48,68809.9,29633.374,2047757076.226836,1253789,15308.67275
2024-06-04,68809.89,71063.45,68567.32,70537.84,29619.78489,2069902136.99324,1254515,14922.96734
2024-06-05,70537.83,71758.0,70383.66,71108.0,28703.18082,2040073765.86764,1055115,14210.23392
2024-06-06,71108.0,71700.0,70117.64,70799.06,21842.00449,1551467659.1542966,900226,10287.3911
2024-06-07,70799.06,71997.02,68420.0,69355.6,35598.45045,2507250591.3329782,1516415,17318.78051
2024-06-08,69355.6,69582.2,69168.02,69310.46,9773.82967,678267390.5310388,714103,4772.23036
2024-06-09,69310.46,69857.14,69130.24,69648.14,9890.56709,687344656.0725566,575583,4883.69296
2024-06-10,69648.15,70195.94,69172.29,69540.0,17122.66941,1192466549.969123,936731,8412.00246
2024-06-11,69540.0,69590.01,66051.0,67314.24,41436.01588,2793799020.4691243,1782415,19839.8232
2024-06-12,67314.23,69999.0,66905.0,68263.99,37175.32356,2550285139.184372,1670745,18975.89081
2024-06-13,68263.98,68449.3,66251.78,66773.01,29079.55571,1958897960.917292,1518202,13886.14007
2024-06-14,66773.01,67370.24,65078.0,66043.99,28408.18797,1884451554.428285,1736314,13619.40861
2024-06-15,66043.99,66478.48,65857.1,66228.25,11451.80242,758175888.0283372,700886,5495.02083
2024-06-16,66228.25,66998.7,66034.5,66676.87,9392.52223,624653672.6138575,703295,4750.05166
2024-06-17,66676.86,67298.81,65130.0,66504.33,27386.16851,1812061226.756565,1542620,13716.89431
2024-06-18,66504.33,66588.23,64060.0,65175.32,42350.10244,2755141806.03109,2151711,20076.41361
2024-06-19,65175.32,65727.54,64666.0,64974.37,20060.79576,1307731953.9545317,1078458,10289.7818
2024-06-20,64974.37,66482.94,64559.15,64869.99,24265.29031,1584896152.16637,1282687,11828.87934
2024-06-21,64869.99,65066.66,63379.35,64143.56,25993.56442,1665541539.708616,1362617,12543.2596
2024-06-22,64143.56,64546.81,63943.82,64262.01,7308.95542,470027247.3402083,562832,3756.29045
2024-06-23,64262.01,64521.0,63178.32,63210.01,8224.45447,526848525.0029452,592759,3974.67964
2024-06-24,63210.01,63369.8,58402.0,60293.3,52161.35414,3180853460.924751,2190787,24495.59428
2024-06-25,60293.3,62420.0,60257.06,61806.01,31189.24361,1914901308.84587,1277481,15360.08458
2024-06-26,61806.01,62487.81,60712.0,60864.99,22485.66463,1381716993.355492,1112152,11435.02653
2024-06-27,60864.98,62389.22,60606.63,61706.47,18344.28631,1126705164.782892,1062176,9298.265
2024-06-28,61706.46,62225.31,60063.0,60427.84,24821.19255,1519872032.026636,1479626,12661.53908
2024-06-29,60427.84,61224.0,60383.77,60986.68,11509.55904,701345872.4881144,767669,5461.68911
2024-06-30,60986.68,63058.76,60712.21,62772.01,17326.30136,1070250012.5446604,1108912,8224.44601
2024-07-01,62772.01,63861.76,62497.2,62899.99,24547.10538,1550980813.6701343,1461508,12388.60654
2024-07-02,62900.0,63288.83,61806.28,62135.47,18573.11875,1160792332.6175597,1308816,9453.17931
2024-07-03,62135.46,62285.94,59400.0,60208.58,32160.11127,1945901232.9066567,1839372,15055.45492
2024-07-04,60208.57,60498.19,56771.0,57050.01,54568.77276,3168619756.2436485,2523236,24982.98822
2024-07-05,57050.02,57546.0,53485.93,56628.79,81348.24756,4515040083.536514,3749255,37926.65162
2024-07-06,56628.79,58475.0,56018.0,58230.13,21651.31558,1235398733.4357028,1411065,11083.50401
2024-07-07,58230.13,58449.46,55724.37,55857.81,19118.93918,1094135752.4528687,1289229,9081.66872
2024-07-08,55857.81,58236.73,54260.16,56714.62,48090.2049,2699942701.375511,2554389,23963.90684
2024-07-09,56714.61,58296.0,56289.45,58050.0,27732.20788,1592351321.655387,1757693,14143.25001
2024-07-10,58050.0,59470.0,57157.79,57725.85,24951.73799,1452293495.6501489,1766696,12423.53162
2024-07-11,57725.85,59650.0,57050.0,57339.89,29761.05735,1728929618.0583844,2157661,15019.30135
2024-07-12,57339.89,58526.68,56542.47,57889.1,23652.4569,1360201319.0761504,1749738,11488.82545
2024-07-13,57889.09,59850.0,57756.63,59204.02,15357.74519,900429281.1482327,1114391,7889.36244
2024-07-14,59204.01,61420.69,59194.01,60797.91,21178.33907,1273562988.611176,1456088,10479.46025
2024-07-15,60797.91,64900.0,60632.3,64724.14,38690.9782,2435540879.028933,2600425,19076.54212
2024-07-16,64724.06,65388.97,62373.24,65043.99,42530.52915,2725231969.2884507,2484783,21595.04799
2024-07-17,65044.0,66128.63,63854.0,64087.99,29567.52954,1922412273.0882092,1868671,14616.17013
2024-07-18,64087.99,65133.3,63238.48,63987.92,22568.7225,1449872437.6497972,1696742,11288.35191
2024-07-19,63987.92,67386.0,63300.67,66660.0,35634.72739,2331517674.368659,2184889,17971.06949
2024-07-20,66660.01,67598.0,66222.46,67139.96,14386.92434,961878801.8482211,995093,6868.63454
2024-07-21,67139.97,68366.66,65777.0,68165.34,21819.11191,1465757867.9747431,1322942,11412.05459
2024-07-22,68165.35,68474.55,66559.97,67532.01,21451.04303,1448418369.8467095,1558140,10263.9504
2024-07-23,67532.0,67750.98,65441.08,65936.01,31406.15316,2088544473.323508,1772089,15168.84798
2024-07-24,65936.0,67102.01,65111.0,65376.0,23082.56277,1526490826.466997,1391053,10827.75551
2024-07-25,65376.01,66175.49,63456.7,65799.95,35126.42934,2266419771.224864,1830360,16579.45258
2024-07-26,65799.95,68200.0,65722.63,67907.99,24244.36023,1630839588.6966548,1406982,12444.52129
2024-07-27,67908.0,69399.99,66650.0,67896.5,31710.21921,2162335067.0234175,1690591,15838.9282
2024-07-28,67896.49,68318.43,67066.66,68249.88,10868.69394,736755676.1377451,821210,5403.48694
2024-07-29,68249.88,70079.99,66428.0,66784.69,36467.29633,2499265962.091455,1952812,18196.23316
2024-07-30,66784.68,67000.0,65302.67,66188.0,23132.25441,1533270724.799421,1622083,11096.82554
2024-07-31,66188.0,66849.24,64530.0,64628.0,22625.43905,1489443332.5960116,1609976,10818.48504
2024-08-01,64628.01,65659.78,62302.0,65354.02,35542.26854,2270877792.65868,2397257,16886.93292
2024-08-02,65354.02,65596.14,61230.01,61498.33,38820.42937,2469588785.6981573,2457735,18202.35794
2024-08-03,61498.34,62198.22,59850.0,60697.99,28034.71567,1711555901.18011,1669555,12947.95791
2024-08-04,60697.99,61117.63,57122.77,58161.0,31616.52003,1874490041.5437355,1886195,14556.6247
2024-08-05,58161.0,58305.59,49000.0,54018.81,162065.59186,8580928177.429902,7568497,77363.26323
2024-08-06,54018.82,57040.99,53950.0,56022.01,55884.77676,3119018848.329888,3433824,27934.19288
2024-08-07,56022.0,57736.05,54558.62,55134.16,44269.37684,2490553853.602583,2397504,21897.14983
2024-08-08,55133.76,62745.14,54730.0,61685.99,48349.52949,2836312292.4318185,2603042,25676.29533
2024-08-09,61686.0,61744.37,59535.0,60837.99,30972.48017,1878350555.5122635,1827809,15023.05073
2024-08-10,60837.99,61470.58,60242.0,60923.51,9995.20621,607372221.2460399,800499,4893.63854
2024-08-11,60923.51,61858.0,58286.73,58712.59,19189.84512,1152081498.1567774,1319469,9094.74521
2024-08-12,58712.59,60711.09,57642.21,59346.64,37009.91743,2186851067.316586,2293837,18279.26596
2024-08-13,59346.64,61578.1,58392.88,60587.15,27858.95851,1668247896.8477187,1713485,13647.22341
2024-08-14,60587.16,61800.0,58433.18,58683.39,28422.76326,1705464263.505865,1729342,13263.8962
2024-08-15,58683.39,59849.38,56078.54,57541.06,37686.17622,2194915865.052229,2507858,17255.22311
2024-08-16,57541.05,59817.76,57098.62,58874.6,27610.84344,1614654900.3332715,1999539,13963.51824
2024-08-17,58874.59,59700.0,58785.05,59491.99,7721.72931,457737705.7722839,807159,3871.6531
2024-08-18,59491.99,60284.99,58408.92,58427.35,13634.85717,813166580.7264851,1099730,6660.58254
2024-08-19,58427.35,59617.63,57787.3,59438.5,22809.31251,1336287900.197634,1636295,11350.30776
2024-08-20,59438.5,61400.0,58548.23,59013.8,31477.44548,1890620149.79102,1904519,16041.22019
2024-08-21,59013.8,61820.93,58783.47,61156.03,27983.6422,1682529555.0960546,1981525,14156.90984
2024-08-22,61156.03,61400.0,59724.87,60375.84,21241.20588,1288544247.9560175,1718280,10269.33376
2024-08-23,60375.83,64955.0,60342.14,64037.24,38118.07089,2375916932.7935486,2555682,20372.88336
2024-08-24,64037.24,64494.5,63531.0,64157.01,15857.15616,1015774255.1740764,1551856,7643.02686
2024-08-25,64157.02,65000.0,63773.27,64220.0,12305.47977,789935122.9930241,1263065,6315.72233
2024-08-26,64219.99,64481.0,62800.0,62834.0,19470.05276,1238341818.4320166,2152841,8995.67609
2024-08-27,62834.0,63212.0,58034.01,59415.0,35135.94178,2158144642.992993,2995281,15873.1536
2024-08-28,59415.0,60234.98,57860.0,59034.9,36868.54275,2183054412.974087,3664134,17135.91162
2024-08-29,59034.9,61166.99,58713.09,59359.01,27020.90743,1617931684.258576,2743900,13152.3859
2024-08-30,59359.0,59944.07,57701.1,59123.99,28519.32195,1680918972.4658496,2845696,13783.34749
2024-08-31,59123.99,59462.38,58744.0,58973.99,8798.409,519849184.86904466,895944,4195.93079
2024-09-01,58974.0,59076.59,57201.0,57301.86,20705.15741,1202176847.3910584,2153180,9651.50531
2024-09-02,57301.77,59425.69,57128.0,59132.13,22895.01461,1333092369.4465685,1966119,11295.25452
2024-09-03,59132.12,59809.65,57415.0,57487.73,22828.18447,1335076815.8599248,2208758,10979.79204
2024-09-04,57487.74,58519.0,55606.0,57970.9,35560.82146,2027630870.1796756,3177549,16861.75483
2024-09-05,57970.9,58327.07,55643.65,56180.0,27806.91413,1577770853.1007977,3368058,12955.8897
2024-09-06,56180.0,57008.0,52550.0,53962.97,54447.76826,2988914918.9243345,5287281,25325.18849
2024-09-07,53962.97,54850.0,53745.54,54160.86,16694.04774,905693342.5898322,1920923,8023.90683
2024-09-08,54160.86,55318.0,53629.01,54869.95,16274.14779,885743172.9184759,1796092,8031.76084
2024-09-09,54869.95,58088.0,54591.96,57042.0,32384.51737,1809715390.0493293,3355912,16412.83148
2024-09-10,57042.01,58044.36,56386.4,57635.99,23626.78126,1349365460.0900571,2843148,11690.37506
2024-09-11,57635.99,57981.71,55545.19,57338.0,33026.56757,1875738697.3784156,4045103,15979.30786
2024-09-12,57338.0,58588.0,57324.0,58132.32,31074.40631,1802848638.0757017,3706764,14783.00418
2024-09-13,58132.31,60625.0,57632.62,60498.0,29825.23333,1760671733.5492997,3378012,15395.13731
2024-09-14,60497.99,60610.45,59400.0,59993.03,12137.90901,728527024.3416963,1288784,5570.22098
2024-09-15,59993.02,60395.8,58691.05,59132.0,13757.92361,822410872.3906957,1552950,6431.24697
2024-09-16,59132.0,59210.7,57493.3,58213.99,26477.5642,1543273198.7027452,3145152,12859.7584
2024-09-17,58213.99,61320.0,57610.01,60313.99,33116.25878,1983378424.775704,3918209,16390.65993
2024-09-18,60313.99,61786.24,59174.8,61759.99,36087.02469,2174000496.820776,5167671,18429.59712
2024-09-19,61759.98,63850.0,61555.0,62947.99,34332.52608,2153175931.173872,4438284,17609.62958
2024-09-20,62948.0,64133.32,62350.0,63201.05,25466.37794,1611195963.9908044,3969296,12411.32227
2024-09-21,63201.05,63559.9,62758.0,63348.96,8375.34608,528657852.3183024,1283611,3877.73743
2024-09-22,63348.97,64000.0,62357.93,63578.76,14242.19892,897477338.3735126,2145736,6923.17369
2024-09-23,63578.76,64745.88,62538.75,63339.99,24078.05287,1531015038.3680267,3999187,12331.07643
2024-09-24,63339.99,64688.0,62700.0,64262.7,23185.04759,1472720338.8562915,3870157,11522.89363
2024-09-25,64262.7,64817.99,62947.08,63152.01,17813.11168,1135250828.2732148,3355531,8384.67983
2024-09-26,63152.01,65839.0,62670.0,65173.99,28373.30593,1831204595.9448967,4361333,15041.9886
2024-09-27,65173.99,66498.0,64819.9,65769.95,22048.80487,1448852210.3602211,3498529,11092.85716
2024-09-28,65769.95,66260.0,65422.23,65858.0,9127.23316,600118483.1222521,1341703,4501.22534
2024-09-29,65858.0,66076.12,65432.0,65602.01,8337.74111,547980013.7152303,1413449,4132.9378
2024-09-30,65602.01,65618.8,62856.3,63327.59,30011.08752,1920250261.744216,3978584,14451.93044
2024-10-01,63327.6,64130.63,60164.0,60805.78,43671.48108,2723672081.8326254,5607069,20951.74486
2024-10-02,60804.92,62390.31,60000.0,60649.28,31534.70118,1928377637.836784,5313210,15719.32519
2024-10-03,60649.27,61477.19,59828.11,60752.71,26221.43472,1590773866.8074434,5244004,12906.51464
2024-10-04,60752.72,62484.85,60459.9,62086.0,21294.65994,1311145630.5020497,3798631,10689.34488
2024-10-05,62086.0,62370.56,61689.26,62058.0,7807.46141,484588468.3419123,1183175,3690.55536
2024-10-06,62058.01,62975.0,61798.97,62819.91,8906.86177,555669634.4773513,1556553,4798.29924
2024-10-07,62819.91,64478.19,62128.0,62224.0,25966.1852,1646315506.5791945,4809342,12760.73415
2024-10-08,62224.01,63200.0,61860.31,62160.49,19702.22371,1230076253.818657,3798438,9614.36947
2024-10-09,62160.5,62543.75,60301.0,60636.02,20011.15684,1234778807.5932417,3668363,9454.70171
2024-10-10,60636.01,61321.68,58946.0,60326.39,23967.92481,1445604381.9363792,3872577,10827.77272
2024-10-11,60326.4,63417.56,60087.64,62540.0,23641.35209,1462219576.8498647,3222180,12099.56755
2024-10-12,62539.99,63480.0,62487.23,63206.22,10911.30116,686978508.9887543,1770837,5196.91695
2024-10-13,63206.23,63285.72,62050.0,62870.02,11909.21995,746564374.2082387,2242529,5855.04617
2024-10-14,62870.02,66500.0,62457.81,66083.99,37669.95222,2450094472.8135448,4977577,19941.11906
2024-10-15,66084.0,67950.0,64800.01,67074.14,43683.95423,2894021862.319518,6245619,21820.682
2024-10-16,67074.14,68424.0,66750.49,67620.01,29938.25544,2024560410.1062677,5109685,15212.87402
2024-10-17,67620.0,67939.4,66666.0,67421.78,25328.22861,1702164439.5654595,3981960,12153.94712
2024-10-18,67421.78,69000.0,67192.36,68428.0,28725.635,1959735899.8769643,4010969,14218.1785
2024-10-19,68427.99,68693.26,68010.0,68378.0,8193.66737,559628628.9613105,1152428,4071.19627
2024-10-20,68377.99,69400.0,68100.0,69031.99,12442.47378,854082429.8105861,1563795,6772.92574
2024-10-21,69032.0,69519.52,66840.67,67377.5,31374.42184,2130833593.5466976,3686777,13593.60828
2024-10-22,67377.5,67836.01,66571.42,67426.0,24598.96268,1654285791.6605556,3669291,12400.51857
2024-10-23,67426.01,67472.83,65260.0,66668.65,25530.2407,1695101430.9187467,3807365,11888.33995
2024-10-24,66668.65,68850.0,66510.0,68198.28,22589.83877,1526736320.912938,3797462,11502.58514
2024-10-25,68198.27,68771.49,65596.29,66698.33,34479.71125,2320667435.2932534,5332593,16031.032
2024-10-26,66698.32,67454.55,66439.9,67092.76,11842.9077,792887047.147892,2373501,6069.18986
2024-10-27,67092.76,68332.05,66913.73,68021.7,8653.19592,585006148.4704809,1771989,4417.7362
2024-10-28,68021.69,70270.0,67618.0,69962.21,29046.75459,2005105729.8174448,4432446,15218.34976
2024-10-29,69962.21,73620.12,69760.0,72736.42,50128.60594,3602465986.891757,5645430,26898.46516
2024-10-30,72736.41,72961.0,71436.0,72344.74,26885.99056,1941210537.2882867,4040734,13487.21433
2024-10-31,72344.75,72700.0,69685.76,70292.01,29352.10297,2091144977.4946847,4525542,14205.13879
2024-11-01,70292.01,71632.95,68820.14,69496.01,38301.86755,2677358022.00497,4569271,18044.1622
2024-11-02,69496.0,69914.37,69000.14,69374.74,10521.67243,731232427.6311549,1603561,5227.50713
2024-11-03,69374.74,69391.0,67478.73,68775.99,24995.70243,1709666206.4062023,3668029,12277.58177
2024-11-04,68775.99,69500.0,66835.0,67850.01,29800.39187,2033902307.002776,5377048,14927.24077
2024-11-05,67850.01,70577.91,67476.63,69372.01,33355.06888,2310418908.069922,4955644,17059.88663
2024-11-06,69372.01,76400.0,69298.0,75571.99,104126.994787,7702283270.25801,8434184,53243.884427
2024-11-07,75571.99,76849.99,74416.0,75857.89,44869.422345,3391796661.9719553,5207722,21805.460295
2024-11-08,75857.89,77199.99,75555.0,76509.78,36521.099583,2784449097.5315185,4877489,17555.393633
2024-11-09,76509.78,76900.0,75714.66,76677.46,16942.07915,1294709001.60289,2585264,8032.79327
2024-11-10,76677.46,81500.0,76492.0,80370.01,61830.100435,4905441473.900737,7128598,32751.012177
2024-11-11,80370.01,89530.54,80216.01,88647.99,82323.665776,6944268709.94272,9348890,42837.295314
2024-11-12,88648.0,89940.0,85072.0,87952.01,97299.887911,8540084566.279818,11499058,49589.333451
2024-11-13,87952.0,93265.64,86127.99,90375.2,86763.854127,7790928962.043038,11962100,44342.329327
2024-11-14,90375.21,91790.0,86668.21,87325.59,56729.51086,5073860815.928665,9828858,27940.856
2024-11-15,87325.59,91850.0,87073.38,91032.07,47927.95068,4276238971.181429,8009111,24800.61087
2024-11-16,91032.08,91779.66,90056.17,90586.92,22717.87689,2067958511.9048476,4239455,11496.31366
2024-11-17,90587.98,91449.99,88722.0,89855.99,23867.55609,2153871724.810395,4930719,11852.78227
2024-11-18,89855.98,92594.0,89376.9,90464.08,46545.03448,4239909950.6618943,7161125,23628.87098
2024-11-19,90464.07,93905.51,90357.0,92310.79,43660.04682,4025108502.8496137,5647789,22127.852724
2024-11-20,92310.8,94831.97,91500.0,94286.56,42203.198712,3950932314.6460686,7365987,20425.307962
2024-11-21,94286.56,98988.0,94040.0,98317.12,69228.360477,6722807908.325656,9048605,35424.063227
2024-11-22,98317.12,99588.01,97122.11,98892.0,46189.309243,4555536773.363205,7271311,22709.668193
2024-11-23,98892.0,98908.85,97136.0,97672.4,24757.84367,2431609866.3295145,3839138,11176.2487
2024-11-24,97672.4,98564.0,95734.77,97900.04,31200.97838,3034172011.9517884,4964720,15124.12176
2024-11-25,97900.05,98871.8,92600.19,93010.01,50847.45096,4883444806.322193,8289691,23486.92705
2024-11-26,93010.01,94973.37,90791.1,91965.16,57858.73138,5370918648.818167,10225809,29120.26765
2024-11-27,91965.16,97208.21,91792.14,95863.11,41153.42734,3894358511.6175647,6648690,20316.58245
2024-11-28,95863.11,96564.0,94640.0,95643.98,28814.54357,2749861591.2596097,4988161,14805.69321
2024-11-29,95643.99,98619.99,95364.99,97460.0,27701.78231,2690451030.634288,5094070,13840.21172
2024-11-30,97460.0,97463.95,96092.01,96407.99,14503.83306,1402672950.6998208,3354759,7075.91503
2024-12-01,96407.99,97836.0,95693.88,97185.18,16938.60452,1641327626.6062205,3342200,8114.89569
2024-12-02,97185.17,98130.0,94395.0,95840.62,37958.66981,3646639621.737588,7560103,18821.93327
2024-12-03,95840.61,96305.52,93578.17,95849.69,35827.32283,3413995542.018656,5361712,17339.11167
2024-12-04,95849.69,99000.0,94587.83,98587.32,43850.53728,4241994533.7861056,6648724,22033.60112
2024-12-05,98587.32,104088.0,90500.0,96945.63,109921.729662,11048002942.149933,12012364,56235.078356
2024-12-06,96945.63,101898.99,95981.72,99740.84,45049.5331,4456641685.364444,6919102,21999.62416
2024-12-07,99740.84,100439.18,98844.0,99831.99,14931.9459,1487953846.8385458,2634566,6776.55
2024-12-08,99831.99,101351.0,98657.7,101109.59,14612.99688,1459576946.402151,2994709,7152.80173
2024-12-09,101109.6,101215.93,94150.05,97276.47,53949.11595,5283626995.705648,8445872,25472.08477
2024-12-10,97276.48,98270.0,94256.54,96593.0,51708.68933,4988660195.092429,11556189,24523.09586
2024-12-11,96593.0,101888.0,95658.24,101125.0,37753.78291,3745703763.01845,8250511,19112.84559
2024-12-12,101125.0,102540.0,99311.64,100004.29,29232.08745,2949462583.8661704,8066322,14175.88661
2024-12-13,100004.29,101895.26,99205.0,101424.25,21904.03923,2203903393.0741005,5481660,10669.09365
2024-12-14,101424.24,102650.0,100609.41,101420.0,14191.70326,1441594367.0463192,3374538,6790.24676
2024-12-15,101420.0,105250.0,101237.14,104463.99,22228.921775,2290462903.835791,3638809,12668.894355
2024-12-16,104463.99,107793.07,103333.0,106058.66,41302.40274,4364964400.634553,8048054,20349.0995
2024-12-17,106058.65,108353.0,105321.49,106133.74,29064.936466,3103833327.775107,7212799,14187.320446
2024-12-18,106133.74,106524.98,100000.0,100204.01,50307.99755,5194263316.259236,8762120,23308.37525
2024-12-19,100204.01,102800.11,95700.0,97461.86,55147.398,5487546517.707753,7273941,26898.63715
2024-12-20,97461.86,98233.0,92232.54,97805.44,62884.1357,6022845238.832326,7429007,29463.23021
2024-12-21,97805.44,99540.61,96398.39,97291.99,23483.54143,2296232055.195926,3717638,11726.94119
2024-12-22,97292.0,97448.08,94250.35,95186.27,19353.83036,1857819866.3604,3633551,9293.39749
2024-12-23,95186.28,96538.92,92520.0,94881.47,32810.76703,3100007213.494563,5464919,16339.58355
2024-12-24,94881.47,99487.99,93569.02,98663.58,23674.22488,2287214424.706476,3421549,11969.2539
2024-12-25,98663.58,99569.15,97632.02,99429.6,14474.1651,1426143976.0493636,3283028,7006.5265
2024-12-26,99429.61,99963.7,95199.14,95791.6,21192.36727,2049123567.3867724,5203490,10071.87249
2024-12-27,95791.6,97544.58,93500.01,94299.03,26501.26429,2528567849.7794614,5718866,12945.51657
2024-12-28,94299.03,95733.99,94135.66,95300.0,8385.8929,794651624.8349556,2732061,4203.59876
2024-12-29,95300.0,95340.0,93009.52,93738.2,13576.00578,1278370863.9768472,2865838,5651.38589
2024-12-30,93738.19,95024.5,91530.45,92792.05,27619.4225,2573126059.769478,5560563,13092.19646
2024-12-31,92792.05,96250.0,92033.73,93576.0,19612.03389,1845718801.922704,3347847,9687.96775
2025-01-01,93576.0,95151.15,92888.0,94591.79,10373.32613,975444194.1379983,1516556,5347.73648
2025-01-02,94591.78,97839.5,94392.0,96984.79,21970.48948,2118411852.6812797,3569079,10915.96986
2025-01-03,96984.79,98976.91,96100.01,98174.18,15253.82936,1486610768.5907917,2851164,7468.60797
2025-01-04,98174.17,98778.43,97514.79,98220.5,8990.05651,881223751.6353604,1559982,4350.80221
2025-01-05,98220.51,98836.85,97276.79,98363.61,8095.63723,793931715.9546323,1685799,3877.90985
2025-01-06,98363.61,102480.0,97920.0,102235.6,25263.43375,2540561688.7771435,3853702,12539.59534
2025-01-07,102235.6,102724.38,96181.81,96954.61,32059.87537,3170421659.717236,4480562,14815.11453
2025-01-08,96954.6,97268.65,92500.9,95060.61,33704.67894,3205849081.112962,5171208,15803.85091
2025-01-09,95060.61,95382.32,91203.67,92552.49,34544.83685,3217669887.2453976,6027161,15323.62663
2025-01-10,92552.49,95836.0,92206.02,94726.11,31482.86424,2962085343.283704,5531444,15617.43823
2025-01-11,94726.1,95050.94,93831.73,94599.99,7047.9043,665685994.93301,1496191,3412.37671
2025-01-12,94599.99,95450.1,93711.19,94545.06,8606.86622,813278829.6583949,1658863,4028.33031
2025-01-13,94545.07,95940.0,89256.69,94536.1,42619.56423,3930666134.3474574,5740963,19473.88042
2025-01-14,94536.11,97371.0,94346.22,96560.86,27846.61753,2676048470.3569503,4532923,14248.69616
2025-01-15,96560.85,100681.94,96500.0,100497.35,30509.99179,3006242382.8867946,3487945,15494.17873
2025-01-16,100497.35,100866.66,97335.13,99987.3,27832.85317,2765162040.639799,3762755,13513.53707
2025-01-17,99987.3,105865.22,99950.77,104077.48,39171.85292,4040993985.475047,3886907,20673.213
2025-01-18,104077.47,104988.88,102277.55,104556.23,24307.82998,2521522119.379525,3403162,11607.51274
2025-01-19,104556.23,106422.43,99651.6,101331.57,43397.28298,4513423971.410252,5271920,21079.51082
2025-01-20,101331.57,109588.0,99550.0,102260.01,89529.231732,9398787064.320717,11597937,44770.529492
2025-01-21,102260.0,107240.81,100119.04,106143.82,45941.02002,4768512258.156501,6842980,23227.02741
2025-01-22,106143.82,106394.46,103339.12,103706.66,22248.69254,2331144640.658579,4364035,10501.59306
2025-01-23,103706.66,106850.0,101262.28,103910.34,53953.12031,5610760848.131639,6961383,27045.92646
2025-01-24,103910.35,107120.0,102750.0,104870.5,23609.24017,2483818574.373748,4798886,11893.4605
2025-01-25,104870.51,105286.52,104106.09,104746.85,9068.32377,949511531.3578016,1770765,4462.60438
2025-01-26,104746.86,105500.0,102520.44,102620.0,9812.51238,1024352365.4715524,1813011,4642.17247
2025-01-27,102620.01,103260.0,97777.77,102082.83,50758.1341,5092886322.829244,9368910,23529.22433
2025-01-28,102082.83,103800.0,100272.68,101335.52,22022.05765,2253977324.0362086,5428644,10756.64741
2025-01-29,101335.52,104782.68,101328.01,103733.24,23155.35802,2380383694.772136,5189699,11675.17182
2025-01-30,103733.25,106457.44,103278.54,104722.94,19374.07472,2038112603.5126407,3990075,10140.92834
2025-01-31,104722.94,106012.0,101560.0,102429.56,21983.18193,2282174002.1952176,4331904,10697.39968
2025-02-01,102429.56,102783.71,100279.51,100635.65,12290.95747,1250354228.2372296,2588786,5625.89331
2025-02-02,100635.66,101456.6,96150.0,97700.59,34619.49939,3412084312.583628,7202339,15587.16669
2025-02-03,97700.59,102500.01,91231.0,101328.52,75164.7385,7228589180.71162,10625262,36736.56946
2025-02-04,101328.51,101732.31,96150.0,97763.13,40267.98697,3989698644.2649302,6618911,19091.58154
2025-02-05,97763.14,99149.0,96155.0,96612.43,26233.30444,2562342153.829685,4471763,11032.55174
2025-02-06,96612.44,99120.0,95676.64,96554.35,23515.20405,2289071921.21756,4242807,11261.53049
2025-02-07,96554.35,100137.99,95620.34,96506.8,31794.22065,3107592434.6738343,5012456,15249.3537
2025-02-08,96506.8,96880.0,95688.0,96444.74,10147.24294,977040267.5158632,1757892,4450.52682
2025-02-09,96444.75,97323.09,94713.0,96462.75,14120.91613,1359495152.3107975,2293192,6663.72875
2025-02-10,96462.75,98345.0,95256.0,97430.82,20572.87537,1999112052.6687863,3475919,9607.62329
2025-02-11,97430.82,98478.42,94876.88,95778.2,18647.76379,1806534846.3863196,3716586,8594.50066
2025-02-12,95778.21,98119.99,94088.23,97869.99,29151.16625,2800142168.3943653,4992737,13820.70553
2025-02-13,97870.0,98083.91,95217.36,96608.14,19921.77616,1916988246.3921185,3909456,8852.16215
2025-02-14,96608.13,98826.0,96252.82,97500.48,18173.02646,1768073218.8690155,3499564,9061.31682
2025-02-15,97500.47,97972.26,97223.58,97569.66,7349.37683,717245393.778092,1694327,3579.14202
2025-02-16,97569.67,97704.47,96046.18,96118.12,8191.4249,794694242.2949731,1596701,3719.73063
2025-02-17,96118.12,97046.59,95205.0,95780.0,16492.0451,1584593526.1754677,2831237,8010.41565
2025-02-18,95780.01,96753.91,93388.09,95671.74,23368.19471,2223994802.892005,4234248,11432.47367
2025-02-19,95671.74,96899.99,95029.99,96644.37,16438.50954,1576817572.1032505,2784225,7173.61807
2025-02-20,96644.37,98711.36,96415.09,98305.0,17057.39177,1663386824.7315507,2386973,8356.42859
2025-02-21,98305.01,99475.0,94871.95,96181.98,32249.2814,3143975917.573464,4528525,15313.58184
2025-02-22,96181.99,96980.0,95770.49,96551.01,11268.17708,1087077133.8226364,1506418,5293.28051
2025-02-23,96551.01,96650.0,95227.94,96258.0,10884.84913,1044392011.791024,1457368,4619.93267
2025-02-24,96258.0,96500.0,91349.26,91552.88,31550.10299,2981809595.445377,4972684,14438.63366
2025-02-25,91552.88,92540.69,86050.99,88680.4,78333.11111,6962982500.904473,10289145,35822.15275
2025-02-26,88680.39,89414.15,82256.01,84250.09,56893.54409,4898429925.636476,8490006,28077.1845
2025-02-27,84250.09,87078.46,82716.49,84708.58,42505.45439,3618738891.222162,6357581,20355.71969
2025-02-28,84708.57,85120.0,78258.52,84349.94,83648.03969,6806705236.69068,11344216,40224.85287
2025-03-01,84349.95,86558.0,83824.78,86064.53,25785.05464,2194003507.852643,3700728,11748.10769
2025-03-02,86064.54,95000.0,85050.6,94270.0,54889.09045,4972549515.788669,7403218,29273.81031
2025-03-03,94269.99,94416.46,85117.11,86220.61,59171.10218,5321123743.471923,9797860,27915.4365
2025-03-04,86221.16,88967.52,81500.0,87281.98,55609.10706,4704901219.590436,10326631,27584.7159
2025-03-05,87281.98,91000.0,86334.53,90606.01,38264.01163,3400243670.304976,8070266,19230.28436
2025-03-06,90606.0,92810.64,87836.0,89931.89,34342.44902,3105145628.3993993,7643526,17283.99411
2025-03-07,89931.88,91283.02,84667.03,86801.75,57980.35713,5097554826.613157,9510442,28394.41537
2025-03-08,86801.74,86897.25,85218.47,86222.45,12989.23054,1119358968.6520057,2553974,6491.56581
2025-03-09,86222.46,86500.0,80000.0,80734.37,26115.39345,2173552660.4544797,5189138,12093.87232
2025-03-10,80734.48,84123.46,77459.91,78595.86,47633.38405,3834924947.7581854,8701538,22898.57072
2025-03-11,78595.86,83617.4,76606.0,82932.99,48770.06853,3927000827.110792,6983310,24029.1677
2025-03-12,82932.99,84539.85,80607.65,83680.12,31933.986,2638600996.825396,5253577,15749.41702
2025-03-13,83680.12,84336.33,79939.9,81115.78,27546.27412,2260870111.2393894,4367093,13013.18135
2025-03-14,81115.78,85309.71,80818.84,83983.2,26858.52755,2244729595.541172,3290987,14082.88688
2025-03-15,83983.19,84676.28,83618.0,84338.44,11324.7332,953445671.8337504,1329670,5195.29128
2025-03-16,84338.44,85117.04,81981.12,82574.53,17596.12531,1468056556.2967227,2767947,8505.95317
2025-03-17,82574.52,84756.83,82456.0,84010.03,17214.74358,1437716814.046874,3014756,8387.89111
2025-03-18,84010.02,84021.74,81134.66,82715.03,17610.89883,1450813055.479726,3126371,8047.23418
2025-03-19,82715.03,87000.0,82547.16,86845.94,28151.05374,2375813941.9437623,3774761,13804.24847
2025-03-20,86845.93,87453.67,83655.23,84223.39,22090.30463,1885241921.155652,3252595,10163.59262
2025-03-21,84223.38,84850.33,83175.25,84088.79,11956.97443,1005135519.2560016,2360005,5466.41961
2025-03-22,84088.79,84539.17,83625.1,83840.59,5420.22114,456235443.80165213,864481,2284.19178
2025-03-23,83840.59,86129.64,83809.75,86082.5,8461.97813,718692319.1499039,1206533,4424.81013
2025-03-24,86082.5,88765.43,85519.09,87498.16,30115.62111,2636765917.9518437,2916713,14379.95578
2025-03-25,87498.16,88539.63,86310.0,87392.87,22643.25248,1979571590.8982935,2802815,9440.56294
2025-03-26,87392.88,88275.0,85860.0,86909.17,18408.78485,1606406955.5864632,2380154,8590.97753
2025-03-27,86909.17,87756.39,85800.0,87232.01,17098.03897,1487968807.7079022,2376381,8185.05517
2025-03-28,87232.01,87515.67,83585.0,84424.38,27182.73169,2309946560.6641135,3236085,11274.83736
2025-03-29,84424.38,84624.73,81644.81,82648.54,11696.39864,970199917.9868717,2172387,5621.60485
2025-03-30,82648.53,83534.64,81565.0,82389.99,9864.49508,816584795.5288126,1907663,4725.07105
2025-03-31,82390.0,83943.08,81278.52,82550.01,20569.13885,1696009191.0809648,3964358,9912.88184
2025-04-01,82550.0,85579.46,82432.74,85158.34,20190.39697,1698895702.5754683,3328693,10246.42648
2025-04-02,85158.35,88500.0,82320.0,82516.29,39931.457,3417279759.830764,5338238,20739.67809
2025-04-03,82516.28,83998.02,81211.24,83213.09,27337.84135,2259299724.8643928,4117486,13951.52792
2025-04-04,83213.09,84720.0,81659.0,83889.87,32915.53976,2739842666.426737,4992586,15896.18779
2025-04-05,83889.87,84266.0,82379.95,83537.99,9360.40468,779626577.9013437,1575750,4029.64658
2025-04-06,83537.99,83817.63,77153.83,78430.0,27942.71436,2239085051.1529646,3948493,12493.8449
2025-04-07,78430.0,81243.58,74508.0,79163.24,78387.53089,6084614024.150647,9736596,39075.84274
2025-04-08,79163.24,80867.99,76239.9,76322.42,35317.32063,2775277777.102461,5512751,15704.73031
2025-04-09,76322.42,83588.0,74620.0,82615.22,75488.28772,5980231256.222496,7741252,39491.62958
2025-04-10,82615.22,82753.21,78464.36,79607.3,33284.80718,2690294353.847842,4529545,16339.9191
2025-04-11,79607.3,84300.0,78969.58,83423.84,34435.43797,2830363945.1787524,4423157,18019.58367
